<?xml version="1.0" encoding="UTF-8"?>
<!DOCTYPE suite SYSTEM "http://testng.org/testng-1.0.dtd">
<suite name="test suite">
	<parameter name="browserName" value="Chrome" />
	<parameter name="environment" value="qa" />
	<test name="Tests 1">
		<classes>
			<parameter name="tags" value="@NYSLDemo" />
			<class name="com.nationalgrid.automation.nysl.testrunners.BaseRunner"></class>
		</classes>
	</test>
	<!-- <test name="Tests 1">
		<classes>
			<parameter name="tags" value="@TA255_one" />
			<class name="testRunners.BaseRunner"></class>
		</classes>
	</test>  -->
</suite>
