<?xml version="1.0" encoding="UTF-8"?>
<!DOCTYPE suite SYSTEM "http://testng.org/testng-1.0.dtd">
<suite name="Smoke and Regression Test Suite">
	<!-- <suite name="Smoke and Regression Test Suite" parallel="tests" thread-count="2"> -->
	<test name="Smoke Tests">
		<classes>
			<parameter name="tags" value="@CXP_SmokeTestCases" />
			<class name="com.nationalgrid.automation.cxp.testrunners.BaseRunner"></class>
		</classes>
	</test>
	<test name="Regression Tests">
		<classes>
			<parameter name="tags" value="@CXPRegression" />
			<class name="com.nationalgrid.automation.cxp.testrunners.BaseRunner"></class>
		</classes>
	</test>
</suite>
